[
  {
    "id": "eb34af87-db91-4f77-a77f-faaa1e03527b",
    "data": [
      {
        "text": "Marca ",
        "userDefined": false
      },
      {
        "text": "uma",
        "userDefined": false
      },
      {
        "text": " aula ",
        "userDefined": false
      },
      {
        "text": "experimental",
        "userDefined": false
      },
      {
        "text": " para mim?  ",
        "userDefined": false
      },
      {
        "text": "29/10",
        "meta": "@sys.date",
        "alias": "date",
        "userDefined": true
      },
      {
        "text": " às ",
        "userDefined": false
      },
      {
        "text": "18:00",
        "meta": "@sys.time",
        "alias": "time",
        "userDefined": true
      },
      {
        "text": " para um ",
        "userDefined": false
      },
      {
        "text": "adulto",
        "meta": "@publico",
        "alias": "publico",
        "userDefined": false
      },
      {
        "text": ", ",
        "userDefined": false
      },
      {
        "text": "por",
        "userDefined": false
      },
      {
        "text": " favor?",
        "userDefined": false
      }
    ],
    "isTemplate": false,
    "count": 0,
    "lang": "pt-br",
    "updated": 0
  },
  {
    "id": "9ca44344-037b-4977-863c-c5b4a83fc5d4",
    "data": [
      {
        "text": "Gostaria de marcar ",
        "userDefined": false
      },
      {
        "text": "uma",
        "userDefined": false
      },
      {
        "text": " aula ",
        "userDefined": false
      },
      {
        "text": "experimental",
        "userDefined": false
      },
      {
        "text": " no dia ",
        "userDefined": false
      },
      {
        "text": "29/11",
        "meta": "@sys.date",
        "alias": "date",
        "userDefined": true
      },
      {
        "text": " às ",
        "userDefined": false
      },
      {
        "text": "18:00",
        "meta": "@sys.time",
        "alias": "time",
        "userDefined": true
      },
      {
        "text": " ",
        "userDefined": false
      },
      {
        "text": "para",
        "userDefined": false
      },
      {
        "text": " ",
        "userDefined": false
      },
      {
        "text": "adultos",
        "meta": "@publico",
        "alias": "publico",
        "userDefined": true
      },
      {
        "text": ".",
        "userDefined": false
      }
    ],
    "isTemplate": false,
    "count": 0,
    "lang": "pt-br",
    "updated": 0
  },
  {
    "id": "493e9d98-324b-4e07-a00b-6255669c0dba",
    "data": [
      {
        "text": "Agendar ",
        "userDefined": false
      },
      {
        "text": "uma",
        "userDefined": false
      },
      {
        "text": " aula ",
        "userDefined": false
      },
      {
        "text": "experimental",
        "userDefined": false
      },
      {
        "text": " dia ",
        "userDefined": false
      },
      {
        "text": "01/12/2021",
        "meta": "@sys.date",
        "alias": "date",
        "userDefined": true
      },
      {
        "text": " às ",
        "userDefined": false
      },
      {
        "text": "19:00",
        "meta": "@sys.time",
        "alias": "time",
        "userDefined": true
      },
      {
        "text": ". Para ",
        "userDefined": false
      },
      {
        "text": "crianças",
        "meta": "@publico",
        "alias": "publico",
        "userDefined": true
      },
      {
        "text": ".",
        "userDefined": false
      }
    ],
    "isTemplate": false,
    "count": 0,
    "lang": "pt-br",
    "updated": 0
  }
]