[
  {
    "id": "3a274184-a80f-494a-9f64-d8314d2b027b",
    "data": [
      {
        "text": "Vocês tem um site pra eu ver mais informações?",
        "userDefined": false
      }
    ],
    "isTemplate": false,
    "count": 0,
    "lang": "pt-br",
    "updated": 0
  },
  {
    "id": "71b11089-40ef-47b1-9dc1-ffebac6eebd4",
    "data": [
      {
        "text": "Poderia me de dar mais informações?",
        "userDefined": false
      }
    ],
    "isTemplate": false,
    "count": 0,
    "lang": "pt-br",
    "updated": 0
  },
  {
    "id": "bb8b6365-0e83-4bfe-94fd-525c8bbbf1bb",
    "data": [
      {
        "text": "Onde posso conseguir mais informações?",
        "userDefined": false
      }
    ],
    "isTemplate": false,
    "count": 0,
    "lang": "pt-br",
    "updated": 0
  },
  {
    "id": "74664f82-04a5-4ef1-9719-0766b65bf25f",
    "data": [
      {
        "text": "Poderia me dar mais informações?",
        "userDefined": false
      }
    ],
    "isTemplate": false,
    "count": 0,
    "lang": "pt-br",
    "updated": 0
  }
]