[
  {
    "id": "a4d0272c-af95-4ec1-9253-3b57683731dd",
    "data": [
      {
        "text": "Mas o que seria ",
        "userDefined": false
      },
      {
        "text": "aikido",
        "userDefined": false
      },
      {
        "text": "?",
        "userDefined": false
      }
    ],
    "isTemplate": false,
    "count": 0,
    "lang": "pt-br",
    "updated": 0
  },
  {
    "id": "28c44fe7-a154-4bba-b46a-762d2648935e",
    "data": [
      {
        "text": "Poderia me explicar o que é o akido?",
        "userDefined": false
      }
    ],
    "isTemplate": false,
    "count": 0,
    "lang": "pt-br",
    "updated": 0
  },
  {
    "id": "a199221a-7748-40b4-ace3-d5c934b6f269",
    "data": [
      {
        "text": "O que é?",
        "userDefined": false
      }
    ],
    "isTemplate": false,
    "count": 0,
    "lang": "pt-br",
    "updated": 0
  },
  {
    "id": "ce28507c-9487-43c4-9288-1c55278d6ba0",
    "data": [
      {
        "text": "O que é ",
        "userDefined": false
      },
      {
        "text": "aikido",
        "userDefined": false
      },
      {
        "text": "?",
        "userDefined": false
      }
    ],
    "isTemplate": false,
    "count": 0,
    "lang": "pt-br",
    "updated": 0
  }
]