[
  {
    "id": "f32005d2-6815-49df-9ba6-fd6e7cf63531",
    "data": [
      {
        "text": "Tem aula ",
        "userDefined": false
      },
      {
        "text": "experimental",
        "userDefined": false
      },
      {
        "text": " grátis?",
        "userDefined": false
      }
    ],
    "isTemplate": false,
    "count": 0,
    "lang": "pt-br",
    "updated": 0
  },
  {
    "id": "da86c26d-0a5c-4be0-8aac-e8e6685308de",
    "data": [
      {
        "text": "Quanto custa?",
        "userDefined": false
      }
    ],
    "isTemplate": false,
    "count": 0,
    "lang": "pt-br",
    "updated": 0
  },
  {
    "id": "0dc877be-387f-45ff-a049-ee96ba5aebf3",
    "data": [
      {
        "text": "Quanto é o investimento?",
        "userDefined": false
      }
    ],
    "isTemplate": false,
    "count": 0,
    "lang": "pt-br",
    "updated": 0
  },
  {
    "id": "d4f84bd6-def1-435c-a1f1-8ec8fd11dc01",
    "data": [
      {
        "text": "Qual o valor do curso?",
        "userDefined": false
      }
    ],
    "isTemplate": false,
    "count": 0,
    "lang": "pt-br",
    "updated": 0
  }
]